<?xml version="1.0" encoding="UTF-8" ?>
<!DOCTYPE mapper PUBLIC "-//mybatis.org//DTD Mapper 3.0//EN" "http://mybatis.org/dtd/mybatis-3-mapper.dtd" >
<mapper namespace="com.roncoo.education.course.service.dao.impl.mapper.FileStorageMapper">
    <resultMap id="BaseResultMap" type="com.roncoo.education.course.service.dao.impl.mapper.entity.FileStorage">
        <id column="id" property="id" jdbcType="BIGINT"/>
        <result column="gmt_create" property="gmtCreate" jdbcType="TIMESTAMP"/>
        <result column="file_no" property="fileNo" jdbcType="BIGINT"/>
        <result column="file_name" property="fileName" jdbcType="VARCHAR"/>
        <result column="file_url" property="fileUrl" jdbcType="VARCHAR"/>
        <result column="file_classify" property="fileClassify" jdbcType="TINYINT"/>
        <result column="file_size" property="fileSize" jdbcType="BIGINT"/>
    </resultMap>
    <sql id="Example_Where_Clause">
        <where>
            <foreach collection="oredCriteria" item="criteria" separator="or">
                <if test="criteria.valid">
                    <trim prefix="(" suffix=")" prefixOverrides="and">
                        <foreach collection="criteria.criteria" item="criterion">
                            <choose>
                                <when test="criterion.noValue">
                                    and ${criterion.condition}
                                </when>
                                <when test="criterion.singleValue">
                                    and ${criterion.condition} #{criterion.value}
                                </when>
                                <when test="criterion.betweenValue">
                                    and ${criterion.condition} #{criterion.value} and #{criterion.secondValue}
                                </when>
                                <when test="criterion.listValue">
                                    and ${criterion.condition}
                                    <foreach collection="criterion.value" item="listItem" open="(" close=")"
                                             separator=",">
                                        #{listItem}
                                    </foreach>
                                </when>
                            </choose>
                        </foreach>
                    </trim>
                </if>
            </foreach>
        </where>
    </sql>
    <sql id="Update_By_Example_Where_Clause">
        <where>
            <foreach collection="example.oredCriteria" item="criteria" separator="or">
                <if test="criteria.valid">
                    <trim prefix="(" suffix=")" prefixOverrides="and">
                        <foreach collection="criteria.criteria" item="criterion">
                            <choose>
                                <when test="criterion.noValue">
                                    and ${criterion.condition}
                                </when>
                                <when test="criterion.singleValue">
                                    and ${criterion.condition} #{criterion.value}
                                </when>
                                <when test="criterion.betweenValue">
                                    and ${criterion.condition} #{criterion.value} and #{criterion.secondValue}
                                </when>
                                <when test="criterion.listValue">
                                    and ${criterion.condition}
                                    <foreach collection="criterion.value" item="listItem" open="(" close=")"
                                             separator=",">
                                        #{listItem}
                                    </foreach>
                                </when>
                            </choose>
                        </foreach>
                    </trim>
                </if>
            </foreach>
        </where>
    </sql>
    <sql id="Base_Column_List">
    id, gmt_create, file_no, file_name, file_url, file_classify, file_size
  </sql>
    <select id="selectByExample" resultMap="BaseResultMap"
            parameterType="com.roncoo.education.course.service.dao.impl.mapper.entity.FileStorageExample">
        select
        <if test="distinct">
            distinct
        </if>
        <include refid="Base_Column_List"/>
        from file_storage
        <if test="_parameter != null">
            <include refid="Example_Where_Clause"/>
        </if>
        <if test="orderByClause != null">
            order by ${orderByClause}
        </if>
        <if test="limitStart >= 0">
            limit ${limitStart} , ${pageSize}
        </if>
    </select>
    <select id="selectByPrimaryKey" resultMap="BaseResultMap" parameterType="java.lang.Long">
        select
        <include refid="Base_Column_List"/>
        from file_storage
        where id = #{id,jdbcType=BIGINT}
    </select>
    <delete id="deleteByPrimaryKey" parameterType="java.lang.Long">
    delete from file_storage
    where id = #{id,jdbcType=BIGINT}
  </delete>
    <delete id="deleteByExample"
            parameterType="com.roncoo.education.course.service.dao.impl.mapper.entity.FileStorageExample">
        delete from file_storage
        <if test="_parameter != null">
            <include refid="Example_Where_Clause"/>
        </if>
    </delete>
    <insert id="insert" parameterType="com.roncoo.education.course.service.dao.impl.mapper.entity.FileStorage">
    insert into file_storage (id, gmt_create, file_no,
      file_name, file_url, file_classify,
      file_size)
    values (#{id,jdbcType=BIGINT}, #{gmtCreate,jdbcType=TIMESTAMP}, #{fileNo,jdbcType=BIGINT},
      #{fileName,jdbcType=VARCHAR}, #{fileUrl,jdbcType=VARCHAR}, #{fileClassify,jdbcType=TINYINT},
      #{fileSize,jdbcType=BIGINT})
  </insert>
    <insert id="insertSelective" parameterType="com.roncoo.education.course.service.dao.impl.mapper.entity.FileStorage">
        insert into file_storage
        <trim prefix="(" suffix=")" suffixOverrides=",">
            <if test="id != null">
                id,
            </if>
            <if test="gmtCreate != null">
                gmt_create,
            </if>
            <if test="fileNo != null">
                file_no,
            </if>
            <if test="fileName != null">
                file_name,
            </if>
            <if test="fileUrl != null">
                file_url,
            </if>
            <if test="fileClassify != null">
                file_classify,
            </if>
            <if test="fileSize != null">
                file_size,
            </if>
        </trim>
        <trim prefix="values (" suffix=")" suffixOverrides=",">
            <if test="id != null">
                #{id,jdbcType=BIGINT},
            </if>
            <if test="gmtCreate != null">
                #{gmtCreate,jdbcType=TIMESTAMP},
            </if>
            <if test="fileNo != null">
                #{fileNo,jdbcType=BIGINT},
            </if>
            <if test="fileName != null">
                #{fileName,jdbcType=VARCHAR},
            </if>
            <if test="fileUrl != null">
                #{fileUrl,jdbcType=VARCHAR},
            </if>
            <if test="fileClassify != null">
                #{fileClassify,jdbcType=TINYINT},
            </if>
            <if test="fileSize != null">
                #{fileSize,jdbcType=BIGINT},
            </if>
        </trim>
    </insert>
    <select id="countByExample"
            parameterType="com.roncoo.education.course.service.dao.impl.mapper.entity.FileStorageExample"
            resultType="java.lang.Integer">
        select count(*) from file_storage
        <if test="_parameter != null">
            <include refid="Example_Where_Clause"/>
        </if>
    </select>
    <update id="updateByExampleSelective" parameterType="map">
        update file_storage
        <set>
            <if test="record.id != null">
                id = #{record.id,jdbcType=BIGINT},
            </if>
            <if test="record.gmtCreate != null">
                gmt_create = #{record.gmtCreate,jdbcType=TIMESTAMP},
            </if>
            <if test="record.fileNo != null">
                file_no = #{record.fileNo,jdbcType=BIGINT},
            </if>
            <if test="record.fileName != null">
                file_name = #{record.fileName,jdbcType=VARCHAR},
            </if>
            <if test="record.fileUrl != null">
                file_url = #{record.fileUrl,jdbcType=VARCHAR},
            </if>
            <if test="record.fileClassify != null">
                file_classify = #{record.fileClassify,jdbcType=TINYINT},
            </if>
            <if test="record.fileSize != null">
                file_size = #{record.fileSize,jdbcType=BIGINT},
            </if>
        </set>
        <if test="_parameter != null">
            <include refid="Update_By_Example_Where_Clause"/>
        </if>
    </update>
    <update id="updateByExample" parameterType="map">
        update file_storage
        set id = #{record.id,jdbcType=BIGINT},
        gmt_create = #{record.gmtCreate,jdbcType=TIMESTAMP},
        file_no = #{record.fileNo,jdbcType=BIGINT},
        file_name = #{record.fileName,jdbcType=VARCHAR},
        file_url = #{record.fileUrl,jdbcType=VARCHAR},
        file_classify = #{record.fileClassify,jdbcType=TINYINT},
        file_size = #{record.fileSize,jdbcType=BIGINT}
        <if test="_parameter != null">
            <include refid="Update_By_Example_Where_Clause"/>
        </if>
    </update>
    <update id="updateByPrimaryKeySelective"
            parameterType="com.roncoo.education.course.service.dao.impl.mapper.entity.FileStorage">
        update file_storage
        <set>
            <if test="gmtCreate != null">
                gmt_create = #{gmtCreate,jdbcType=TIMESTAMP},
            </if>
            <if test="fileNo != null">
                file_no = #{fileNo,jdbcType=BIGINT},
            </if>
            <if test="fileName != null">
                file_name = #{fileName,jdbcType=VARCHAR},
            </if>
            <if test="fileUrl != null">
                file_url = #{fileUrl,jdbcType=VARCHAR},
            </if>
            <if test="fileClassify != null">
                file_classify = #{fileClassify,jdbcType=TINYINT},
            </if>
            <if test="fileSize != null">
                file_size = #{fileSize,jdbcType=BIGINT},
            </if>
        </set>
        where id = #{id,jdbcType=BIGINT}
    </update>
    <update id="updateByPrimaryKey"
            parameterType="com.roncoo.education.course.service.dao.impl.mapper.entity.FileStorage">
    update file_storage
    set gmt_create = #{gmtCreate,jdbcType=TIMESTAMP},
      file_no = #{fileNo,jdbcType=BIGINT},
      file_name = #{fileName,jdbcType=VARCHAR},
      file_url = #{fileUrl,jdbcType=VARCHAR},
      file_classify = #{fileClassify,jdbcType=TINYINT},
      file_size = #{fileSize,jdbcType=BIGINT}
    where id = #{id,jdbcType=BIGINT}
  </update>
</mapper>
