<?xml version="1.0" encoding="UTF-8" ?>
<!DOCTYPE mapper PUBLIC "-//mybatis.org//DTD Mapper 3.0//EN" "http://mybatis.org/dtd/mybatis-3-mapper.dtd" >
<mapper namespace="com.roncoo.education.course.service.dao.impl.mapper.OrderPayMapper" >
  <resultMap id="BaseResultMap" type="com.roncoo.education.course.service.dao.impl.mapper.entity.OrderPay" >
    <id column="id" property="id" jdbcType="BIGINT" />
    <result column="gmt_create" property="gmtCreate" jdbcType="TIMESTAMP" />
    <result column="order_no" property="orderNo" jdbcType="BIGINT" />
    <result column="serial_number" property="serialNumber" jdbcType="BIGINT" />
    <result column="order_status" property="orderStatus" jdbcType="TINYINT" />
    <result column="pay_type" property="payType" jdbcType="TINYINT" />
    <result column="pay_time" property="payTime" jdbcType="TIMESTAMP" />
  </resultMap>
  <sql id="Example_Where_Clause" >
    <where >
      <foreach collection="oredCriteria" item="criteria" separator="or" >
        <if test="criteria.valid" >
          <trim prefix="(" suffix=")" prefixOverrides="and" >
            <foreach collection="criteria.criteria" item="criterion" >
              <choose >
                <when test="criterion.noValue" >
                  and ${criterion.condition}
                </when>
                <when test="criterion.singleValue" >
                  and ${criterion.condition} #{criterion.value}
                </when>
                <when test="criterion.betweenValue" >
                  and ${criterion.condition} #{criterion.value} and #{criterion.secondValue}
                </when>
                <when test="criterion.listValue" >
                  and ${criterion.condition}
                  <foreach collection="criterion.value" item="listItem" open="(" close=")" separator="," >
                    #{listItem}
                  </foreach>
                </when>
              </choose>
            </foreach>
          </trim>
        </if>
      </foreach>
    </where>
  </sql>
  <sql id="Update_By_Example_Where_Clause" >
    <where >
      <foreach collection="example.oredCriteria" item="criteria" separator="or" >
        <if test="criteria.valid" >
          <trim prefix="(" suffix=")" prefixOverrides="and" >
            <foreach collection="criteria.criteria" item="criterion" >
              <choose >
                <when test="criterion.noValue" >
                  and ${criterion.condition}
                </when>
                <when test="criterion.singleValue" >
                  and ${criterion.condition} #{criterion.value}
                </when>
                <when test="criterion.betweenValue" >
                  and ${criterion.condition} #{criterion.value} and #{criterion.secondValue}
                </when>
                <when test="criterion.listValue" >
                  and ${criterion.condition}
                  <foreach collection="criterion.value" item="listItem" open="(" close=")" separator="," >
                    #{listItem}
                  </foreach>
                </when>
              </choose>
            </foreach>
          </trim>
        </if>
      </foreach>
    </where>
  </sql>
  <sql id="Base_Column_List" >
    id, gmt_create, order_no, serial_number, order_status, pay_type, pay_time
  </sql>
  <select id="selectByExample" resultMap="BaseResultMap" parameterType="com.roncoo.education.course.service.dao.impl.mapper.entity.OrderPayExample" >
    select
    <if test="distinct" >
      distinct
    </if>
    <include refid="Base_Column_List" />
    from order_pay
    <if test="_parameter != null" >
      <include refid="Example_Where_Clause" />
    </if>
    <if test="orderByClause != null" >
      order by ${orderByClause}
    </if>
    <if test="limitStart >= 0" >
      limit ${limitStart} , ${pageSize}
    </if>
  </select>
  <select id="selectByPrimaryKey" resultMap="BaseResultMap" parameterType="java.lang.Long" >
    select 
    <include refid="Base_Column_List" />
    from order_pay
    where id = #{id,jdbcType=BIGINT}
  </select>
  <delete id="deleteByPrimaryKey" parameterType="java.lang.Long" >
    delete from order_pay
    where id = #{id,jdbcType=BIGINT}
  </delete>
  <delete id="deleteByExample" parameterType="com.roncoo.education.course.service.dao.impl.mapper.entity.OrderPayExample" >
    delete from order_pay
    <if test="_parameter != null" >
      <include refid="Example_Where_Clause" />
    </if>
  </delete>
  <insert id="insert" parameterType="com.roncoo.education.course.service.dao.impl.mapper.entity.OrderPay" >
    insert into order_pay (id, gmt_create, order_no, 
      serial_number, order_status, pay_type, 
      pay_time)
    values (#{id,jdbcType=BIGINT}, #{gmtCreate,jdbcType=TIMESTAMP}, #{orderNo,jdbcType=BIGINT}, 
      #{serialNumber,jdbcType=BIGINT}, #{orderStatus,jdbcType=TINYINT}, #{payType,jdbcType=TINYINT}, 
      #{payTime,jdbcType=TIMESTAMP})
  </insert>
  <insert id="insertSelective" parameterType="com.roncoo.education.course.service.dao.impl.mapper.entity.OrderPay" >
    insert into order_pay
    <trim prefix="(" suffix=")" suffixOverrides="," >
      <if test="id != null" >
        id,
      </if>
      <if test="gmtCreate != null" >
        gmt_create,
      </if>
      <if test="orderNo != null" >
        order_no,
      </if>
      <if test="serialNumber != null" >
        serial_number,
      </if>
      <if test="orderStatus != null" >
        order_status,
      </if>
      <if test="payType != null" >
        pay_type,
      </if>
      <if test="payTime != null" >
        pay_time,
      </if>
    </trim>
    <trim prefix="values (" suffix=")" suffixOverrides="," >
      <if test="id != null" >
        #{id,jdbcType=BIGINT},
      </if>
      <if test="gmtCreate != null" >
        #{gmtCreate,jdbcType=TIMESTAMP},
      </if>
      <if test="orderNo != null" >
        #{orderNo,jdbcType=BIGINT},
      </if>
      <if test="serialNumber != null" >
        #{serialNumber,jdbcType=BIGINT},
      </if>
      <if test="orderStatus != null" >
        #{orderStatus,jdbcType=TINYINT},
      </if>
      <if test="payType != null" >
        #{payType,jdbcType=TINYINT},
      </if>
      <if test="payTime != null" >
        #{payTime,jdbcType=TIMESTAMP},
      </if>
    </trim>
  </insert>
  <select id="countByExample" parameterType="com.roncoo.education.course.service.dao.impl.mapper.entity.OrderPayExample" resultType="java.lang.Integer" >
    select count(*) from order_pay
    <if test="_parameter != null" >
      <include refid="Example_Where_Clause" />
    </if>
  </select>
  <update id="updateByExampleSelective" parameterType="map" >
    update order_pay
    <set >
      <if test="record.id != null" >
        id = #{record.id,jdbcType=BIGINT},
      </if>
      <if test="record.gmtCreate != null" >
        gmt_create = #{record.gmtCreate,jdbcType=TIMESTAMP},
      </if>
      <if test="record.orderNo != null" >
        order_no = #{record.orderNo,jdbcType=BIGINT},
      </if>
      <if test="record.serialNumber != null" >
        serial_number = #{record.serialNumber,jdbcType=BIGINT},
      </if>
      <if test="record.orderStatus != null" >
        order_status = #{record.orderStatus,jdbcType=TINYINT},
      </if>
      <if test="record.payType != null" >
        pay_type = #{record.payType,jdbcType=TINYINT},
      </if>
      <if test="record.payTime != null" >
        pay_time = #{record.payTime,jdbcType=TIMESTAMP},
      </if>
    </set>
    <if test="_parameter != null" >
      <include refid="Update_By_Example_Where_Clause" />
    </if>
  </update>
  <update id="updateByExample" parameterType="map" >
    update order_pay
    set id = #{record.id,jdbcType=BIGINT},
      gmt_create = #{record.gmtCreate,jdbcType=TIMESTAMP},
      order_no = #{record.orderNo,jdbcType=BIGINT},
      serial_number = #{record.serialNumber,jdbcType=BIGINT},
      order_status = #{record.orderStatus,jdbcType=TINYINT},
      pay_type = #{record.payType,jdbcType=TINYINT},
      pay_time = #{record.payTime,jdbcType=TIMESTAMP}
    <if test="_parameter != null" >
      <include refid="Update_By_Example_Where_Clause" />
    </if>
  </update>
  <update id="updateByPrimaryKeySelective" parameterType="com.roncoo.education.course.service.dao.impl.mapper.entity.OrderPay" >
    update order_pay
    <set >
      <if test="gmtCreate != null" >
        gmt_create = #{gmtCreate,jdbcType=TIMESTAMP},
      </if>
      <if test="orderNo != null" >
        order_no = #{orderNo,jdbcType=BIGINT},
      </if>
      <if test="serialNumber != null" >
        serial_number = #{serialNumber,jdbcType=BIGINT},
      </if>
      <if test="orderStatus != null" >
        order_status = #{orderStatus,jdbcType=TINYINT},
      </if>
      <if test="payType != null" >
        pay_type = #{payType,jdbcType=TINYINT},
      </if>
      <if test="payTime != null" >
        pay_time = #{payTime,jdbcType=TIMESTAMP},
      </if>
    </set>
    where id = #{id,jdbcType=BIGINT}
  </update>
  <update id="updateByPrimaryKey" parameterType="com.roncoo.education.course.service.dao.impl.mapper.entity.OrderPay" >
    update order_pay
    set gmt_create = #{gmtCreate,jdbcType=TIMESTAMP},
      order_no = #{orderNo,jdbcType=BIGINT},
      serial_number = #{serialNumber,jdbcType=BIGINT},
      order_status = #{orderStatus,jdbcType=TINYINT},
      pay_type = #{payType,jdbcType=TINYINT},
      pay_time = #{payTime,jdbcType=TIMESTAMP}
    where id = #{id,jdbcType=BIGINT}
  </update>
</mapper>