<?xml version="1.0" encoding="UTF-8" ?>
<!DOCTYPE mapper PUBLIC "-//mybatis.org//DTD Mapper 3.0//EN" "http://mybatis.org/dtd/mybatis-3-mapper.dtd" >
<mapper namespace="com.roncoo.education.system.service.dao.impl.mapper.NavBarMapper" >
  <resultMap id="BaseResultMap" type="com.roncoo.education.system.service.dao.impl.mapper.entity.NavBar" >
    <id column="id" property="id" jdbcType="BIGINT" />
    <result column="gmt_create" property="gmtCreate" jdbcType="TIMESTAMP" />
    <result column="gmt_modified" property="gmtModified" jdbcType="TIMESTAMP" />
    <result column="status_id" property="statusId" jdbcType="TINYINT" />
    <result column="sort" property="sort" jdbcType="INTEGER" />
    <result column="nav_title" property="navTitle" jdbcType="VARCHAR" />
    <result column="nav_url" property="navUrl" jdbcType="VARCHAR" />
    <result column="target" property="target" jdbcType="VARCHAR" />
  </resultMap>
  <sql id="Example_Where_Clause" >
    <where >
      <foreach collection="oredCriteria" item="criteria" separator="or" >
        <if test="criteria.valid" >
          <trim prefix="(" suffix=")" prefixOverrides="and" >
            <foreach collection="criteria.criteria" item="criterion" >
              <choose >
                <when test="criterion.noValue" >
                  and ${criterion.condition}
                </when>
                <when test="criterion.singleValue" >
                  and ${criterion.condition} #{criterion.value}
                </when>
                <when test="criterion.betweenValue" >
                  and ${criterion.condition} #{criterion.value} and #{criterion.secondValue}
                </when>
                <when test="criterion.listValue" >
                  and ${criterion.condition}
                  <foreach collection="criterion.value" item="listItem" open="(" close=")" separator="," >
                    #{listItem}
                  </foreach>
                </when>
              </choose>
            </foreach>
          </trim>
        </if>
      </foreach>
    </where>
  </sql>
  <sql id="Update_By_Example_Where_Clause" >
    <where >
      <foreach collection="example.oredCriteria" item="criteria" separator="or" >
        <if test="criteria.valid" >
          <trim prefix="(" suffix=")" prefixOverrides="and" >
            <foreach collection="criteria.criteria" item="criterion" >
              <choose >
                <when test="criterion.noValue" >
                  and ${criterion.condition}
                </when>
                <when test="criterion.singleValue" >
                  and ${criterion.condition} #{criterion.value}
                </when>
                <when test="criterion.betweenValue" >
                  and ${criterion.condition} #{criterion.value} and #{criterion.secondValue}
                </when>
                <when test="criterion.listValue" >
                  and ${criterion.condition}
                  <foreach collection="criterion.value" item="listItem" open="(" close=")" separator="," >
                    #{listItem}
                  </foreach>
                </when>
              </choose>
            </foreach>
          </trim>
        </if>
      </foreach>
    </where>
  </sql>
  <sql id="Base_Column_List" >
    id, gmt_create, gmt_modified, status_id, sort, nav_title, nav_url, target
  </sql>
  <select id="selectByExample" resultMap="BaseResultMap" parameterType="com.roncoo.education.system.service.dao.impl.mapper.entity.NavBarExample" >
    select
    <if test="distinct" >
      distinct
    </if>
    <include refid="Base_Column_List" />
    from nav_bar
    <if test="_parameter != null" >
      <include refid="Example_Where_Clause" />
    </if>
    <if test="orderByClause != null" >
      order by ${orderByClause}
    </if>
    <if test="limitStart >= 0" >
      limit ${limitStart} , ${pageSize}
    </if>
  </select>
  <select id="selectByPrimaryKey" resultMap="BaseResultMap" parameterType="java.lang.Long" >
    select 
    <include refid="Base_Column_List" />
    from nav_bar
    where id = #{id,jdbcType=BIGINT}
  </select>
  <delete id="deleteByPrimaryKey" parameterType="java.lang.Long" >
    delete from nav_bar
    where id = #{id,jdbcType=BIGINT}
  </delete>
  <delete id="deleteByExample" parameterType="com.roncoo.education.system.service.dao.impl.mapper.entity.NavBarExample" >
    delete from nav_bar
    <if test="_parameter != null" >
      <include refid="Example_Where_Clause" />
    </if>
  </delete>
  <insert id="insert" parameterType="com.roncoo.education.system.service.dao.impl.mapper.entity.NavBar" >
    insert into nav_bar (id, gmt_create, gmt_modified, 
      status_id, sort, nav_title, 
      nav_url, target)
    values (#{id,jdbcType=BIGINT}, #{gmtCreate,jdbcType=TIMESTAMP}, #{gmtModified,jdbcType=TIMESTAMP}, 
      #{statusId,jdbcType=TINYINT}, #{sort,jdbcType=INTEGER}, #{navTitle,jdbcType=VARCHAR}, 
      #{navUrl,jdbcType=VARCHAR}, #{target,jdbcType=VARCHAR})
  </insert>
  <insert id="insertSelective" parameterType="com.roncoo.education.system.service.dao.impl.mapper.entity.NavBar" >
    insert into nav_bar
    <trim prefix="(" suffix=")" suffixOverrides="," >
      <if test="id != null" >
        id,
      </if>
      <if test="gmtCreate != null" >
        gmt_create,
      </if>
      <if test="gmtModified != null" >
        gmt_modified,
      </if>
      <if test="statusId != null" >
        status_id,
      </if>
      <if test="sort != null" >
        sort,
      </if>
      <if test="navTitle != null" >
        nav_title,
      </if>
      <if test="navUrl != null" >
        nav_url,
      </if>
      <if test="target != null" >
        target,
      </if>
    </trim>
    <trim prefix="values (" suffix=")" suffixOverrides="," >
      <if test="id != null" >
        #{id,jdbcType=BIGINT},
      </if>
      <if test="gmtCreate != null" >
        #{gmtCreate,jdbcType=TIMESTAMP},
      </if>
      <if test="gmtModified != null" >
        #{gmtModified,jdbcType=TIMESTAMP},
      </if>
      <if test="statusId != null" >
        #{statusId,jdbcType=TINYINT},
      </if>
      <if test="sort != null" >
        #{sort,jdbcType=INTEGER},
      </if>
      <if test="navTitle != null" >
        #{navTitle,jdbcType=VARCHAR},
      </if>
      <if test="navUrl != null" >
        #{navUrl,jdbcType=VARCHAR},
      </if>
      <if test="target != null" >
        #{target,jdbcType=VARCHAR},
      </if>
    </trim>
  </insert>
  <select id="countByExample" parameterType="com.roncoo.education.system.service.dao.impl.mapper.entity.NavBarExample" resultType="java.lang.Integer" >
    select count(*) from nav_bar
    <if test="_parameter != null" >
      <include refid="Example_Where_Clause" />
    </if>
  </select>
  <update id="updateByExampleSelective" parameterType="map" >
    update nav_bar
    <set >
      <if test="record.id != null" >
        id = #{record.id,jdbcType=BIGINT},
      </if>
      <if test="record.gmtCreate != null" >
        gmt_create = #{record.gmtCreate,jdbcType=TIMESTAMP},
      </if>
      <if test="record.gmtModified != null" >
        gmt_modified = #{record.gmtModified,jdbcType=TIMESTAMP},
      </if>
      <if test="record.statusId != null" >
        status_id = #{record.statusId,jdbcType=TINYINT},
      </if>
      <if test="record.sort != null" >
        sort = #{record.sort,jdbcType=INTEGER},
      </if>
      <if test="record.navTitle != null" >
        nav_title = #{record.navTitle,jdbcType=VARCHAR},
      </if>
      <if test="record.navUrl != null" >
        nav_url = #{record.navUrl,jdbcType=VARCHAR},
      </if>
      <if test="record.target != null" >
        target = #{record.target,jdbcType=VARCHAR},
      </if>
    </set>
    <if test="_parameter != null" >
      <include refid="Update_By_Example_Where_Clause" />
    </if>
  </update>
  <update id="updateByExample" parameterType="map" >
    update nav_bar
    set id = #{record.id,jdbcType=BIGINT},
      gmt_create = #{record.gmtCreate,jdbcType=TIMESTAMP},
      gmt_modified = #{record.gmtModified,jdbcType=TIMESTAMP},
      status_id = #{record.statusId,jdbcType=TINYINT},
      sort = #{record.sort,jdbcType=INTEGER},
      nav_title = #{record.navTitle,jdbcType=VARCHAR},
      nav_url = #{record.navUrl,jdbcType=VARCHAR},
      target = #{record.target,jdbcType=VARCHAR}
    <if test="_parameter != null" >
      <include refid="Update_By_Example_Where_Clause" />
    </if>
  </update>
  <update id="updateByPrimaryKeySelective" parameterType="com.roncoo.education.system.service.dao.impl.mapper.entity.NavBar" >
    update nav_bar
    <set >
      <if test="gmtCreate != null" >
        gmt_create = #{gmtCreate,jdbcType=TIMESTAMP},
      </if>
      <if test="gmtModified != null" >
        gmt_modified = #{gmtModified,jdbcType=TIMESTAMP},
      </if>
      <if test="statusId != null" >
        status_id = #{statusId,jdbcType=TINYINT},
      </if>
      <if test="sort != null" >
        sort = #{sort,jdbcType=INTEGER},
      </if>
      <if test="navTitle != null" >
        nav_title = #{navTitle,jdbcType=VARCHAR},
      </if>
      <if test="navUrl != null" >
        nav_url = #{navUrl,jdbcType=VARCHAR},
      </if>
      <if test="target != null" >
        target = #{target,jdbcType=VARCHAR},
      </if>
    </set>
    where id = #{id,jdbcType=BIGINT}
  </update>
  <update id="updateByPrimaryKey" parameterType="com.roncoo.education.system.service.dao.impl.mapper.entity.NavBar" >
    update nav_bar
    set gmt_create = #{gmtCreate,jdbcType=TIMESTAMP},
      gmt_modified = #{gmtModified,jdbcType=TIMESTAMP},
      status_id = #{statusId,jdbcType=TINYINT},
      sort = #{sort,jdbcType=INTEGER},
      nav_title = #{navTitle,jdbcType=VARCHAR},
      nav_url = #{navUrl,jdbcType=VARCHAR},
      target = #{target,jdbcType=VARCHAR}
    where id = #{id,jdbcType=BIGINT}
  </update>
</mapper>