<?xml version="1.0" encoding="UTF-8" ?>
<!DOCTYPE mapper PUBLIC "-//mybatis.org//DTD Mapper 3.0//EN" "http://mybatis.org/dtd/mybatis-3-mapper.dtd" >
<mapper namespace="com.roncoo.education.system.service.dao.impl.mapper.SysMenuMapper" >
  <resultMap id="BaseResultMap" type="com.roncoo.education.system.service.dao.impl.mapper.entity.SysMenu" >
    <id column="id" property="id" jdbcType="BIGINT" />
    <result column="gmt_create" property="gmtCreate" jdbcType="TIMESTAMP" />
    <result column="gmt_modified" property="gmtModified" jdbcType="TIMESTAMP" />
    <result column="status_id" property="statusId" jdbcType="TINYINT" />
    <result column="sort" property="sort" jdbcType="INTEGER" />
    <result column="parent_id" property="parentId" jdbcType="BIGINT" />
    <result column="menu_name" property="menuName" jdbcType="VARCHAR" />
    <result column="menu_url" property="menuUrl" jdbcType="VARCHAR" />
    <result column="api_url" property="apiUrl" jdbcType="VARCHAR" />
    <result column="menu_icon" property="menuIcon" jdbcType="VARCHAR" />
    <result column="remark" property="remark" jdbcType="VARCHAR" />
    <result column="menu_type" property="menuType" jdbcType="TINYINT" />
  </resultMap>
  <sql id="Example_Where_Clause" >
    <where >
      <foreach collection="oredCriteria" item="criteria" separator="or" >
        <if test="criteria.valid" >
          <trim prefix="(" suffix=")" prefixOverrides="and" >
            <foreach collection="criteria.criteria" item="criterion" >
              <choose >
                <when test="criterion.noValue" >
                  and ${criterion.condition}
                </when>
                <when test="criterion.singleValue" >
                  and ${criterion.condition} #{criterion.value}
                </when>
                <when test="criterion.betweenValue" >
                  and ${criterion.condition} #{criterion.value} and #{criterion.secondValue}
                </when>
                <when test="criterion.listValue" >
                  and ${criterion.condition}
                  <foreach collection="criterion.value" item="listItem" open="(" close=")" separator="," >
                    #{listItem}
                  </foreach>
                </when>
              </choose>
            </foreach>
          </trim>
        </if>
      </foreach>
    </where>
  </sql>
  <sql id="Update_By_Example_Where_Clause" >
    <where >
      <foreach collection="example.oredCriteria" item="criteria" separator="or" >
        <if test="criteria.valid" >
          <trim prefix="(" suffix=")" prefixOverrides="and" >
            <foreach collection="criteria.criteria" item="criterion" >
              <choose >
                <when test="criterion.noValue" >
                  and ${criterion.condition}
                </when>
                <when test="criterion.singleValue" >
                  and ${criterion.condition} #{criterion.value}
                </when>
                <when test="criterion.betweenValue" >
                  and ${criterion.condition} #{criterion.value} and #{criterion.secondValue}
                </when>
                <when test="criterion.listValue" >
                  and ${criterion.condition}
                  <foreach collection="criterion.value" item="listItem" open="(" close=")" separator="," >
                    #{listItem}
                  </foreach>
                </when>
              </choose>
            </foreach>
          </trim>
        </if>
      </foreach>
    </where>
  </sql>
  <sql id="Base_Column_List" >
    id, gmt_create, gmt_modified, status_id, sort, parent_id, menu_name, menu_url, api_url, 
    menu_icon, remark, menu_type
  </sql>
  <select id="selectByExample" resultMap="BaseResultMap" parameterType="com.roncoo.education.system.service.dao.impl.mapper.entity.SysMenuExample" >
    select
    <if test="distinct" >
      distinct
    </if>
    <include refid="Base_Column_List" />
    from sys_menu
    <if test="_parameter != null" >
      <include refid="Example_Where_Clause" />
    </if>
    <if test="orderByClause != null" >
      order by ${orderByClause}
    </if>
    <if test="limitStart >= 0" >
      limit ${limitStart} , ${pageSize}
    </if>
  </select>
  <select id="selectByPrimaryKey" resultMap="BaseResultMap" parameterType="java.lang.Long" >
    select 
    <include refid="Base_Column_List" />
    from sys_menu
    where id = #{id,jdbcType=BIGINT}
  </select>
  <delete id="deleteByPrimaryKey" parameterType="java.lang.Long" >
    delete from sys_menu
    where id = #{id,jdbcType=BIGINT}
  </delete>
  <delete id="deleteByExample" parameterType="com.roncoo.education.system.service.dao.impl.mapper.entity.SysMenuExample" >
    delete from sys_menu
    <if test="_parameter != null" >
      <include refid="Example_Where_Clause" />
    </if>
  </delete>
  <insert id="insert" parameterType="com.roncoo.education.system.service.dao.impl.mapper.entity.SysMenu" >
    insert into sys_menu (id, gmt_create, gmt_modified, 
      status_id, sort, parent_id, 
      menu_name, menu_url, api_url, 
      menu_icon, remark, menu_type
      )
    values (#{id,jdbcType=BIGINT}, #{gmtCreate,jdbcType=TIMESTAMP}, #{gmtModified,jdbcType=TIMESTAMP}, 
      #{statusId,jdbcType=TINYINT}, #{sort,jdbcType=INTEGER}, #{parentId,jdbcType=BIGINT}, 
      #{menuName,jdbcType=VARCHAR}, #{menuUrl,jdbcType=VARCHAR}, #{apiUrl,jdbcType=VARCHAR}, 
      #{menuIcon,jdbcType=VARCHAR}, #{remark,jdbcType=VARCHAR}, #{menuType,jdbcType=TINYINT}
      )
  </insert>
  <insert id="insertSelective" parameterType="com.roncoo.education.system.service.dao.impl.mapper.entity.SysMenu" >
    insert into sys_menu
    <trim prefix="(" suffix=")" suffixOverrides="," >
      <if test="id != null" >
        id,
      </if>
      <if test="gmtCreate != null" >
        gmt_create,
      </if>
      <if test="gmtModified != null" >
        gmt_modified,
      </if>
      <if test="statusId != null" >
        status_id,
      </if>
      <if test="sort != null" >
        sort,
      </if>
      <if test="parentId != null" >
        parent_id,
      </if>
      <if test="menuName != null" >
        menu_name,
      </if>
      <if test="menuUrl != null" >
        menu_url,
      </if>
      <if test="apiUrl != null" >
        api_url,
      </if>
      <if test="menuIcon != null" >
        menu_icon,
      </if>
      <if test="remark != null" >
        remark,
      </if>
      <if test="menuType != null" >
        menu_type,
      </if>
    </trim>
    <trim prefix="values (" suffix=")" suffixOverrides="," >
      <if test="id != null" >
        #{id,jdbcType=BIGINT},
      </if>
      <if test="gmtCreate != null" >
        #{gmtCreate,jdbcType=TIMESTAMP},
      </if>
      <if test="gmtModified != null" >
        #{gmtModified,jdbcType=TIMESTAMP},
      </if>
      <if test="statusId != null" >
        #{statusId,jdbcType=TINYINT},
      </if>
      <if test="sort != null" >
        #{sort,jdbcType=INTEGER},
      </if>
      <if test="parentId != null" >
        #{parentId,jdbcType=BIGINT},
      </if>
      <if test="menuName != null" >
        #{menuName,jdbcType=VARCHAR},
      </if>
      <if test="menuUrl != null" >
        #{menuUrl,jdbcType=VARCHAR},
      </if>
      <if test="apiUrl != null" >
        #{apiUrl,jdbcType=VARCHAR},
      </if>
      <if test="menuIcon != null" >
        #{menuIcon,jdbcType=VARCHAR},
      </if>
      <if test="remark != null" >
        #{remark,jdbcType=VARCHAR},
      </if>
      <if test="menuType != null" >
        #{menuType,jdbcType=TINYINT},
      </if>
    </trim>
  </insert>
  <select id="countByExample" parameterType="com.roncoo.education.system.service.dao.impl.mapper.entity.SysMenuExample" resultType="java.lang.Integer" >
    select count(*) from sys_menu
    <if test="_parameter != null" >
      <include refid="Example_Where_Clause" />
    </if>
  </select>
  <update id="updateByExampleSelective" parameterType="map" >
    update sys_menu
    <set >
      <if test="record.id != null" >
        id = #{record.id,jdbcType=BIGINT},
      </if>
      <if test="record.gmtCreate != null" >
        gmt_create = #{record.gmtCreate,jdbcType=TIMESTAMP},
      </if>
      <if test="record.gmtModified != null" >
        gmt_modified = #{record.gmtModified,jdbcType=TIMESTAMP},
      </if>
      <if test="record.statusId != null" >
        status_id = #{record.statusId,jdbcType=TINYINT},
      </if>
      <if test="record.sort != null" >
        sort = #{record.sort,jdbcType=INTEGER},
      </if>
      <if test="record.parentId != null" >
        parent_id = #{record.parentId,jdbcType=BIGINT},
      </if>
      <if test="record.menuName != null" >
        menu_name = #{record.menuName,jdbcType=VARCHAR},
      </if>
      <if test="record.menuUrl != null" >
        menu_url = #{record.menuUrl,jdbcType=VARCHAR},
      </if>
      <if test="record.apiUrl != null" >
        api_url = #{record.apiUrl,jdbcType=VARCHAR},
      </if>
      <if test="record.menuIcon != null" >
        menu_icon = #{record.menuIcon,jdbcType=VARCHAR},
      </if>
      <if test="record.remark != null" >
        remark = #{record.remark,jdbcType=VARCHAR},
      </if>
      <if test="record.menuType != null" >
        menu_type = #{record.menuType,jdbcType=TINYINT},
      </if>
    </set>
    <if test="_parameter != null" >
      <include refid="Update_By_Example_Where_Clause" />
    </if>
  </update>
  <update id="updateByExample" parameterType="map" >
    update sys_menu
    set id = #{record.id,jdbcType=BIGINT},
      gmt_create = #{record.gmtCreate,jdbcType=TIMESTAMP},
      gmt_modified = #{record.gmtModified,jdbcType=TIMESTAMP},
      status_id = #{record.statusId,jdbcType=TINYINT},
      sort = #{record.sort,jdbcType=INTEGER},
      parent_id = #{record.parentId,jdbcType=BIGINT},
      menu_name = #{record.menuName,jdbcType=VARCHAR},
      menu_url = #{record.menuUrl,jdbcType=VARCHAR},
      api_url = #{record.apiUrl,jdbcType=VARCHAR},
      menu_icon = #{record.menuIcon,jdbcType=VARCHAR},
      remark = #{record.remark,jdbcType=VARCHAR},
      menu_type = #{record.menuType,jdbcType=TINYINT}
    <if test="_parameter != null" >
      <include refid="Update_By_Example_Where_Clause" />
    </if>
  </update>
  <update id="updateByPrimaryKeySelective" parameterType="com.roncoo.education.system.service.dao.impl.mapper.entity.SysMenu" >
    update sys_menu
    <set >
      <if test="gmtCreate != null" >
        gmt_create = #{gmtCreate,jdbcType=TIMESTAMP},
      </if>
      <if test="gmtModified != null" >
        gmt_modified = #{gmtModified,jdbcType=TIMESTAMP},
      </if>
      <if test="statusId != null" >
        status_id = #{statusId,jdbcType=TINYINT},
      </if>
      <if test="sort != null" >
        sort = #{sort,jdbcType=INTEGER},
      </if>
      <if test="parentId != null" >
        parent_id = #{parentId,jdbcType=BIGINT},
      </if>
      <if test="menuName != null" >
        menu_name = #{menuName,jdbcType=VARCHAR},
      </if>
      <if test="menuUrl != null" >
        menu_url = #{menuUrl,jdbcType=VARCHAR},
      </if>
      <if test="apiUrl != null" >
        api_url = #{apiUrl,jdbcType=VARCHAR},
      </if>
      <if test="menuIcon != null" >
        menu_icon = #{menuIcon,jdbcType=VARCHAR},
      </if>
      <if test="remark != null" >
        remark = #{remark,jdbcType=VARCHAR},
      </if>
      <if test="menuType != null" >
        menu_type = #{menuType,jdbcType=TINYINT},
      </if>
    </set>
    where id = #{id,jdbcType=BIGINT}
  </update>
  <update id="updateByPrimaryKey" parameterType="com.roncoo.education.system.service.dao.impl.mapper.entity.SysMenu" >
    update sys_menu
    set gmt_create = #{gmtCreate,jdbcType=TIMESTAMP},
      gmt_modified = #{gmtModified,jdbcType=TIMESTAMP},
      status_id = #{statusId,jdbcType=TINYINT},
      sort = #{sort,jdbcType=INTEGER},
      parent_id = #{parentId,jdbcType=BIGINT},
      menu_name = #{menuName,jdbcType=VARCHAR},
      menu_url = #{menuUrl,jdbcType=VARCHAR},
      api_url = #{apiUrl,jdbcType=VARCHAR},
      menu_icon = #{menuIcon,jdbcType=VARCHAR},
      remark = #{remark,jdbcType=VARCHAR},
      menu_type = #{menuType,jdbcType=TINYINT}
    where id = #{id,jdbcType=BIGINT}
  </update>
</mapper>