<?xml version="1.0" encoding="UTF-8"?>
<configuration>
    <include resource="org/springframework/boot/logging/logback/defaults.xml"/>

    <springProperty name="springApplicationName" source="spring.application.name" defaultValue="roncoo-education"/>
    <springProperty name="FILE_PATH" source="management.endpoint.logfile.external-file"
                    defaultValue="/home/roncoo/logs"/>

    <property name="PATTERN" value="%-12(%d{yyyy-MM-dd HH:mm:ss.SSS}) |-%-5level [%thread] %c [%L] -|   %msg%n"/>

    <!-- 本地环境 -->
    <springProfile name="local">
        <appender name="CONSOLE" class="ch.qos.logback.core.ConsoleAppender">
            <encoder>
                <pattern>${PATTERN}</pattern>
            </encoder>
        </appender>
        <logger name="com.roncoo" level="debug"/>
        <logger name="org.springframework.cloud.netflix.zuul" level="debug"/>
        <logger name="org.springframework.jdbc.core.JdbcTemplate" level="debug"/>
        <root level="info">
            <appender-ref ref="CONSOLE"/>
        </root>
    </springProfile>

    <!-- 开发、测试环境 -->
    <springProfile name="dev,test,demo">
        <appender name="CONSOLE" class="ch.qos.logback.core.ConsoleAppender">
            <encoder>
                <pattern>${PATTERN}</pattern>
            </encoder>
        </appender>
        <appender name="TEST-FILE" class="ch.qos.logback.core.rolling.RollingFileAppender">
            <!-- 文件路径 -->
            <file>${FILE_PATH}/info</file>
            <rollingPolicy class="ch.qos.logback.core.rolling.TimeBasedRollingPolicy">
                <!-- 文件名称 -->
                <fileNamePattern>${FILE_PATH}/info.%d{yyyy-MM-dd}.log</fileNamePattern>
                <!-- 文件最大保存历史数量 -->
                <MaxHistory>7</MaxHistory>
            </rollingPolicy>

            <layout class="ch.qos.logback.classic.PatternLayout">
                <pattern>${PATTERN}</pattern>
            </layout>
        </appender>

        <logger name="com.roncoo" level="debug"/>
        <logger name="org.springframework.cloud.netflix.zuul" level="debug"/>
        <logger name="org.springframework.jdbc.core.JdbcTemplate" level="debug"/>

        <root level="info">
            <appender-ref ref="CONSOLE"/>
            <appender-ref ref="TEST-FILE"/>
        </root>
    </springProfile>

    <!-- 生产环境 -->
    <springProfile name="prod">
        <appender name="PROD_FILE" class="ch.qos.logback.core.rolling.RollingFileAppender">
            <file>${FILE_PATH}/warn</file>
            <rollingPolicy class="ch.qos.logback.core.rolling.TimeBasedRollingPolicy">
                <fileNamePattern>${FILE_PATH}/warn.%d{yyyy-MM-dd}.log</fileNamePattern>
                <MaxHistory>30</MaxHistory>
            </rollingPolicy>
            <layout class="ch.qos.logback.classic.PatternLayout">
                <pattern>${PATTERN}</pattern>
            </layout>
        </appender>

        <appender name="LOGSTASH" class="ch.qos.logback.core.rolling.RollingFileAppender">
            <file>${FILE_PATH}/json</file>
            <rollingPolicy class="ch.qos.logback.core.rolling.TimeBasedRollingPolicy">
                <fileNamePattern>${FILE_PATH}/json.%d{yyyy-MM-dd}.gz</fileNamePattern>
                <maxHistory>7</maxHistory>
            </rollingPolicy>
            <encoder class="net.logstash.logback.encoder.LoggingEventCompositeJsonEncoder">
                <providers>
                    <timestamp>
                        <timeZone>UTC</timeZone>
                    </timestamp>
                    <pattern>
                        <pattern>
                            {
                            "severity": "%level",
                            "service": "${springApplicationName:-}",
                            "trace": "%X{X-B3-TraceId:-}",
                            "span": "%X{X-B3-SpanId:-}",
                            "parent": "%X{X-B3-ParentSpanId:-}",
                            "exportable": "%X{X-Span-Export:-}",
                            "pid": "${PID:-}",
                            "thread": "%thread",
                            "class": "%logger{40}",
                            "rest": "%message"
                            }
                        </pattern>
                    </pattern>
                </providers>
            </encoder>
        </appender>

        <logger name="com.roncoo" level="warn"/>

        <root level="warn">
            <appender-ref ref="PROD_FILE"/>
            <!--<appender-ref ref="LOGSTASH" />-->
        </root>
    </springProfile>
</configuration>
