<?xml version="1.0" encoding="UTF-8" ?>
<!DOCTYPE mapper PUBLIC "-//mybatis.org//DTD Mapper 3.0//EN" "http://mybatis.org/dtd/mybatis-3-mapper.dtd" >
<mapper namespace="com.roncoo.education.user.service.dao.impl.mapper.UserMapper" >
  <resultMap id="BaseResultMap" type="com.roncoo.education.user.service.dao.impl.mapper.entity.User" >
    <id column="id" property="id" jdbcType="BIGINT" />
    <result column="gmt_create" property="gmtCreate" jdbcType="TIMESTAMP" />
    <result column="gmt_modified" property="gmtModified" jdbcType="TIMESTAMP" />
    <result column="status_id" property="statusId" jdbcType="TINYINT" />
    <result column="user_no" property="userNo" jdbcType="BIGINT" />
    <result column="mobile" property="mobile" jdbcType="VARCHAR" />
    <result column="mobile_salt" property="mobileSalt" jdbcType="VARCHAR" />
    <result column="mobile_psw" property="mobilePsw" jdbcType="VARCHAR" />
    <result column="user_source" property="userSource" jdbcType="VARCHAR" />
  </resultMap>
  <sql id="Example_Where_Clause" >
    <where >
      <foreach collection="oredCriteria" item="criteria" separator="or" >
        <if test="criteria.valid" >
          <trim prefix="(" suffix=")" prefixOverrides="and" >
            <foreach collection="criteria.criteria" item="criterion" >
              <choose >
                <when test="criterion.noValue" >
                  and ${criterion.condition}
                </when>
                <when test="criterion.singleValue" >
                  and ${criterion.condition} #{criterion.value}
                </when>
                <when test="criterion.betweenValue" >
                  and ${criterion.condition} #{criterion.value} and #{criterion.secondValue}
                </when>
                <when test="criterion.listValue" >
                  and ${criterion.condition}
                  <foreach collection="criterion.value" item="listItem" open="(" close=")" separator="," >
                    #{listItem}
                  </foreach>
                </when>
              </choose>
            </foreach>
          </trim>
        </if>
      </foreach>
    </where>
  </sql>
  <sql id="Update_By_Example_Where_Clause" >
    <where >
      <foreach collection="example.oredCriteria" item="criteria" separator="or" >
        <if test="criteria.valid" >
          <trim prefix="(" suffix=")" prefixOverrides="and" >
            <foreach collection="criteria.criteria" item="criterion" >
              <choose >
                <when test="criterion.noValue" >
                  and ${criterion.condition}
                </when>
                <when test="criterion.singleValue" >
                  and ${criterion.condition} #{criterion.value}
                </when>
                <when test="criterion.betweenValue" >
                  and ${criterion.condition} #{criterion.value} and #{criterion.secondValue}
                </when>
                <when test="criterion.listValue" >
                  and ${criterion.condition}
                  <foreach collection="criterion.value" item="listItem" open="(" close=")" separator="," >
                    #{listItem}
                  </foreach>
                </when>
              </choose>
            </foreach>
          </trim>
        </if>
      </foreach>
    </where>
  </sql>
  <sql id="Base_Column_List" >
    id, gmt_create, gmt_modified, status_id, user_no, mobile, mobile_salt, mobile_psw, 
    user_source
  </sql>
  <select id="selectByExample" resultMap="BaseResultMap" parameterType="com.roncoo.education.user.service.dao.impl.mapper.entity.UserExample" >
    select
    <if test="distinct" >
      distinct
    </if>
    <include refid="Base_Column_List" />
    from user
    <if test="_parameter != null" >
      <include refid="Example_Where_Clause" />
    </if>
    <if test="orderByClause != null" >
      order by ${orderByClause}
    </if>
    <if test="limitStart >= 0" >
      limit ${limitStart} , ${pageSize}
    </if>
  </select>
  <select id="selectByPrimaryKey" resultMap="BaseResultMap" parameterType="java.lang.Long" >
    select 
    <include refid="Base_Column_List" />
    from user
    where id = #{id,jdbcType=BIGINT}
  </select>
  <delete id="deleteByPrimaryKey" parameterType="java.lang.Long" >
    delete from user
    where id = #{id,jdbcType=BIGINT}
  </delete>
  <delete id="deleteByExample" parameterType="com.roncoo.education.user.service.dao.impl.mapper.entity.UserExample" >
    delete from user
    <if test="_parameter != null" >
      <include refid="Example_Where_Clause" />
    </if>
  </delete>
  <insert id="insert" parameterType="com.roncoo.education.user.service.dao.impl.mapper.entity.User" >
    insert into user (id, gmt_create, gmt_modified, 
      status_id, user_no, mobile, 
      mobile_salt, mobile_psw, user_source
      )
    values (#{id,jdbcType=BIGINT}, #{gmtCreate,jdbcType=TIMESTAMP}, #{gmtModified,jdbcType=TIMESTAMP}, 
      #{statusId,jdbcType=TINYINT}, #{userNo,jdbcType=BIGINT}, #{mobile,jdbcType=VARCHAR}, 
      #{mobileSalt,jdbcType=VARCHAR}, #{mobilePsw,jdbcType=VARCHAR}, #{userSource,jdbcType=VARCHAR}
      )
  </insert>
  <insert id="insertSelective" parameterType="com.roncoo.education.user.service.dao.impl.mapper.entity.User" >
    insert into user
    <trim prefix="(" suffix=")" suffixOverrides="," >
      <if test="id != null" >
        id,
      </if>
      <if test="gmtCreate != null" >
        gmt_create,
      </if>
      <if test="gmtModified != null" >
        gmt_modified,
      </if>
      <if test="statusId != null" >
        status_id,
      </if>
      <if test="userNo != null" >
        user_no,
      </if>
      <if test="mobile != null" >
        mobile,
      </if>
      <if test="mobileSalt != null" >
        mobile_salt,
      </if>
      <if test="mobilePsw != null" >
        mobile_psw,
      </if>
      <if test="userSource != null" >
        user_source,
      </if>
    </trim>
    <trim prefix="values (" suffix=")" suffixOverrides="," >
      <if test="id != null" >
        #{id,jdbcType=BIGINT},
      </if>
      <if test="gmtCreate != null" >
        #{gmtCreate,jdbcType=TIMESTAMP},
      </if>
      <if test="gmtModified != null" >
        #{gmtModified,jdbcType=TIMESTAMP},
      </if>
      <if test="statusId != null" >
        #{statusId,jdbcType=TINYINT},
      </if>
      <if test="userNo != null" >
        #{userNo,jdbcType=BIGINT},
      </if>
      <if test="mobile != null" >
        #{mobile,jdbcType=VARCHAR},
      </if>
      <if test="mobileSalt != null" >
        #{mobileSalt,jdbcType=VARCHAR},
      </if>
      <if test="mobilePsw != null" >
        #{mobilePsw,jdbcType=VARCHAR},
      </if>
      <if test="userSource != null" >
        #{userSource,jdbcType=VARCHAR},
      </if>
    </trim>
  </insert>
  <select id="countByExample" parameterType="com.roncoo.education.user.service.dao.impl.mapper.entity.UserExample" resultType="java.lang.Integer" >
    select count(*) from user
    <if test="_parameter != null" >
      <include refid="Example_Where_Clause" />
    </if>
  </select>
  <update id="updateByExampleSelective" parameterType="map" >
    update user
    <set >
      <if test="record.id != null" >
        id = #{record.id,jdbcType=BIGINT},
      </if>
      <if test="record.gmtCreate != null" >
        gmt_create = #{record.gmtCreate,jdbcType=TIMESTAMP},
      </if>
      <if test="record.gmtModified != null" >
        gmt_modified = #{record.gmtModified,jdbcType=TIMESTAMP},
      </if>
      <if test="record.statusId != null" >
        status_id = #{record.statusId,jdbcType=TINYINT},
      </if>
      <if test="record.userNo != null" >
        user_no = #{record.userNo,jdbcType=BIGINT},
      </if>
      <if test="record.mobile != null" >
        mobile = #{record.mobile,jdbcType=VARCHAR},
      </if>
      <if test="record.mobileSalt != null" >
        mobile_salt = #{record.mobileSalt,jdbcType=VARCHAR},
      </if>
      <if test="record.mobilePsw != null" >
        mobile_psw = #{record.mobilePsw,jdbcType=VARCHAR},
      </if>
      <if test="record.userSource != null" >
        user_source = #{record.userSource,jdbcType=VARCHAR},
      </if>
    </set>
    <if test="_parameter != null" >
      <include refid="Update_By_Example_Where_Clause" />
    </if>
  </update>
  <update id="updateByExample" parameterType="map" >
    update user
    set id = #{record.id,jdbcType=BIGINT},
      gmt_create = #{record.gmtCreate,jdbcType=TIMESTAMP},
      gmt_modified = #{record.gmtModified,jdbcType=TIMESTAMP},
      status_id = #{record.statusId,jdbcType=TINYINT},
      user_no = #{record.userNo,jdbcType=BIGINT},
      mobile = #{record.mobile,jdbcType=VARCHAR},
      mobile_salt = #{record.mobileSalt,jdbcType=VARCHAR},
      mobile_psw = #{record.mobilePsw,jdbcType=VARCHAR},
      user_source = #{record.userSource,jdbcType=VARCHAR}
    <if test="_parameter != null" >
      <include refid="Update_By_Example_Where_Clause" />
    </if>
  </update>
  <update id="updateByPrimaryKeySelective" parameterType="com.roncoo.education.user.service.dao.impl.mapper.entity.User" >
    update user
    <set >
      <if test="gmtCreate != null" >
        gmt_create = #{gmtCreate,jdbcType=TIMESTAMP},
      </if>
      <if test="gmtModified != null" >
        gmt_modified = #{gmtModified,jdbcType=TIMESTAMP},
      </if>
      <if test="statusId != null" >
        status_id = #{statusId,jdbcType=TINYINT},
      </if>
      <if test="userNo != null" >
        user_no = #{userNo,jdbcType=BIGINT},
      </if>
      <if test="mobile != null" >
        mobile = #{mobile,jdbcType=VARCHAR},
      </if>
      <if test="mobileSalt != null" >
        mobile_salt = #{mobileSalt,jdbcType=VARCHAR},
      </if>
      <if test="mobilePsw != null" >
        mobile_psw = #{mobilePsw,jdbcType=VARCHAR},
      </if>
      <if test="userSource != null" >
        user_source = #{userSource,jdbcType=VARCHAR},
      </if>
    </set>
    where id = #{id,jdbcType=BIGINT}
  </update>
  <update id="updateByPrimaryKey" parameterType="com.roncoo.education.user.service.dao.impl.mapper.entity.User" >
    update user
    set gmt_create = #{gmtCreate,jdbcType=TIMESTAMP},
      gmt_modified = #{gmtModified,jdbcType=TIMESTAMP},
      status_id = #{statusId,jdbcType=TINYINT},
      user_no = #{userNo,jdbcType=BIGINT},
      mobile = #{mobile,jdbcType=VARCHAR},
      mobile_salt = #{mobileSalt,jdbcType=VARCHAR},
      mobile_psw = #{mobilePsw,jdbcType=VARCHAR},
      user_source = #{userSource,jdbcType=VARCHAR}
    where id = #{id,jdbcType=BIGINT}
  </update>
</mapper>