<?xml version="1.0" encoding="UTF-8"?>
<configuration>

	<include resource="org/springframework/boot/logging/logback/defaults.xml" />

	<springProperty name="springApplicationName" source="spring.application.name" defaultValue="roncoo-education"/>
	<springProperty name="FILE_PATH" source="management.endpoint.logfile.external-file" defaultValue="/home/roncoo/logs"/>

    <property name="PATTERN" value="%-12(%d{yyyy-MM-dd HH:mm:ss.SSS}) |-%-5level [%thread] %c [%L] -|   %msg%n"/>

	<!-- 开发环境 -->
	<springProfile name="local">
		<appender name="CONSOLE" class="ch.qos.logback.core.ConsoleAppender">
			<encoder>
				<pattern>${PATTERN}</pattern>
			</encoder>
		</appender>

		<root level="info">
			<appender-ref ref="CONSOLE" />
		</root>
	</springProfile>

	<!-- 测试环境 -->
    <springProfile name="dev,test">
        <appender name="CONSOLE" class="ch.qos.logback.core.ConsoleAppender">
            <encoder>
                <pattern>${PATTERN}</pattern>
            </encoder>
        </appender>

        <appender name="TEST-FILE" class="ch.qos.logback.core.rolling.RollingFileAppender">
            <!-- 文件路径 -->
            <file>${FILE_PATH}/info</file>
            <rollingPolicy class="ch.qos.logback.core.rolling.TimeBasedRollingPolicy">
                <!-- 文件名称 -->
                <fileNamePattern>${FILE_PATH}/info.%d{yyyy-MM-dd}.log</fileNamePattern>
                <!-- 文件最大保存历史数量 -->
                <MaxHistory>100</MaxHistory>
            </rollingPolicy>

            <layout class="ch.qos.logback.classic.PatternLayout">
                <pattern>${PATTERN}</pattern>
            </layout>
        </appender>

        <root level="info">
            <appender-ref ref="CONSOLE" />
            <appender-ref ref="TEST-FILE" />
        </root>
    </springProfile>

	<!-- 生产环境 -->
	<springProfile name="prod">
		<appender name="PROD_FILE" class="ch.qos.logback.core.rolling.RollingFileAppender">
			<file>${FILE_PATH}/warn</file>
			<rollingPolicy class="ch.qos.logback.core.rolling.TimeBasedRollingPolicy">
				<fileNamePattern>${FILE_PATH}/warn.%d{yyyy-MM-dd}.log
				</fileNamePattern>
				<MaxHistory>100</MaxHistory>
			</rollingPolicy>
			<layout class="ch.qos.logback.classic.PatternLayout">
				<pattern>${PATTERN}</pattern>
			</layout>
		</appender>

		<root level="warn">
			<appender-ref ref="PROD_FILE" />
		</root>
	</springProfile>
</configuration>
